relative_path,filename,status,size_mb,pages,total_chars,avg_chars_per_page,total_images,avg_images_per_page,image_heavy_pages,scanned_pages,scanned_ratio,low_text_pages,low_text_ratio,blank_pages,multi_column_pages,multi_column_ratio,formula_proxy_count,formula_proxy_per_page,table_proxy_count,table_proxy_per_page,complexity_score,complexity_level,recommended_model,recommended_effort,recommended_batch_size,recommended_stage
03_Bao_Cao_Ky_Thuat_E\EN_EN-N02_Foundations of Reinforcement Learning and Interactive Decision Making.pdf,EN_EN-N02_Foundations of Reinforcement Learning and Interactive Decision Making.pdf,IN_PROGRESS,3.34,159,341670,2148.9,6,0.04,0,0,0.0,0,0.0,0,6,0.038,6878,43.26,6,0.04,40.17,MEDIUM,Sonnet 5,High,1,MEDIUM_BATCH
03_Bao_Cao_Ky_Thuat_V\VI_VI-14_VNIES AI booklet Day va Hoc.pdf,VI_VI-14_VNIES AI booklet Day va Hoc.pdf,PENDING,0.64,60,138525,2308.8,1,0.02,0,1,0.017,3,0.05,1,14,0.233,0,0.0,0,0.0,12.87,EASY,Sonnet 5,High,2,EASY_BATCH
04_Luan_Van_E\EN_EN-05_Deep Learning for Visual Recognition (Cadene).pdf,EN_EN-05_Deep Learning for Visual Recognition (Cadene).pdf,PENDING,5.99,58,89552,1544.0,33,0.57,9,0,0.0,3,0.052,0,2,0.034,112,1.93,29,0.5,21.85,EASY,Sonnet 5,High,2,EASY_BATCH
04_Luan_Van_E\EN_EN-06_Improving DL through Automatic Programming.pdf,EN_EN-06_Improving DL through Automatic Programming.pdf,PENDING,4.2,142,273764,1927.9,58,0.41,7,0,0.0,14,0.099,13,5,0.035,1374,9.68,15,0.11,40.73,MEDIUM,Sonnet 5,High,1,MEDIUM_BATCH
04_Luan_Van_E\EN_EN-07_Communication channels between DL models.pdf,EN_EN-07_Communication channels between DL models.pdf,PENDING,0.81,77,153938,1999.2,7,0.09,1,0,0.0,0,0.0,0,3,0.039,194,2.52,20,0.26,18.16,EASY,Sonnet 5,High,2,EASY_BATCH
04_Luan_Van_E\EN_EN-08_Compositional Deep Learning (Gavranovic).pdf,EN_EN-08_Compositional Deep Learning (Gavranovic).pdf,PENDING,13.17,56,111545,1991.9,19,0.34,6,0,0.0,0,0.0,0,6,0.107,238,4.25,9,0.16,26.44,EASY,Sonnet 5,High,2,EASY_BATCH
04_Luan_Van_E\EN_EN-09_Weakly Supervised to Active Learning.pdf,EN_EN-09_Weakly Supervised to Active Learning.pdf,PENDING,8.25,242,683719,2825.3,4,0.02,1,0,0.0,22,0.091,6,14,0.058,5140,21.24,35,0.14,45.27,MEDIUM,Sonnet 5,High,1,MEDIUM_BATCH
04_Luan_Van_E\EN_EN-N01_Epistemic Deep Learning (Manchingal Oxford Brookes PhD).pdf,EN_EN-N01_Epistemic Deep Learning (Manchingal Oxford Brookes PhD).pdf,PENDING,16.68,187,483899,2587.7,149,0.8,21,0,0.0,16,0.086,9,18,0.096,1272,6.8,73,0.39,49.58,MEDIUM,Sonnet 5,High,1,MEDIUM_BATCH
04_Luan_Van_E\EN_EN-N02_Towards Improvement of Automated Scientific Document Categorization by Deep Learning.pdf,EN_EN-N02_Towards Improvement of Automated Scientific Document Categorization by Deep Learning.pdf,PENDING,3.44,139,213443,1535.6,69,0.5,4,0,0.0,12,0.086,11,11,0.079,122,0.88,12,0.09,29.54,EASY,Sonnet 5,High,2,EASY_BATCH
04_Luan_Van_V\VI_VI-02_Nhan dang mat duong giao thong (Ngo Van Cong).pdf,VI_VI-02_Nhan dang mat duong giao thong (Ngo Van Cong).pdf,PENDING,4.14,156,262261,1681.2,72,0.46,15,1,0.006,2,0.013,0,15,0.096,1249,8.01,14,0.09,43.27,MEDIUM,Sonnet 5,High,1,MEDIUM_BATCH
04_Luan_Van_V\VI_VI-03_Chan doan ung thu vu AI (Nguyen Thanh Tam).pdf,VI_VI-03_Chan doan ung thu vu AI (Nguyen Thanh Tam).pdf,PENDING,8.19,199,340519,1711.2,442,2.22,54,2,0.01,2,0.01,2,25,0.126,157,0.79,7,0.04,43.18,MEDIUM,Sonnet 5,High,1,MEDIUM_BATCH
04_Luan_Van_V\VI_VI-04_Ky thuat phan loai du lieu (Hoang Anh Duc).pdf,VI_VI-04_Ky thuat phan loai du lieu (Hoang Anh Duc).pdf,PENDING,4.62,143,258288,1806.2,31,0.22,3,0,0.0,1,0.007,0,6,0.042,395,2.76,50,0.35,32.79,EASY,Sonnet 5,High,2,EASY_BATCH
04_Luan_Van_V\VI_VI-05_AI toi uu luoi dien (Tran Huu Tinh).pdf,VI_VI-05_AI toi uu luoi dien (Tran Huu Tinh).pdf,PENDING,5.07,174,280585,1612.6,138,0.79,6,2,0.011,3,0.017,0,27,0.155,423,2.43,4,0.02,37.9,MEDIUM,Sonnet 5,High,1,MEDIUM_BATCH
04_Luan_Van_V\VI_VI-06_Chuan hoa van ban va NER tieng noi tieng Viet (Nguyen Thi Thu Hien).pdf,VI_VI-06_Chuan hoa van ban va NER tieng noi tieng Viet (Nguyen Thi Thu Hien).pdf,PENDING,2.09,124,201331,1623.6,50,0.4,5,0,0.0,0,0.0,0,14,0.113,104,0.84,11,0.09,25.48,EASY,Sonnet 5,High,2,EASY_BATCH
04_Luan_Van_V\VI_VI-07_Goi y mua hang theo phien hoc sau (Nguyen Tuan Khang).pdf,VI_VI-07_Goi y mua hang theo phien hoc sau (Nguyen Tuan Khang).pdf,PENDING,3.54,130,223860,1722.0,41,0.32,9,0,0.0,1,0.008,0,10,0.077,506,3.89,21,0.16,31.83,EASY,Sonnet 5,High,2,EASY_BATCH
04_Luan_Van_V\VI_VI-08_Phan loai DGA Botnet hoc may hoc sau (Tong Anh Tuan).pdf,VI_VI-08_Phan loai DGA Botnet hoc may hoc sau (Tong Anh Tuan).pdf,PENDING,4.63,143,239129,1672.2,50,0.35,8,3,0.021,4,0.028,3,19,0.133,378,2.64,40,0.28,34.45,EASY,Sonnet 5,High,2,EASY_BATCH
04_Luan_Van_V\VI_VI-09_Tong hop tieng Viet thich nghi giong noi (Pham Ngoc Phuong).pdf,VI_VI-09_Tong hop tieng Viet thich nghi giong noi (Pham Ngoc Phuong).pdf,PENDING,6.2,144,266599,1851.4,464,3.22,30,1,0.007,1,0.007,0,24,0.167,118,0.82,3,0.02,39.21,MEDIUM,Sonnet 5,High,1,MEDIUM_BATCH
04_Luan_Van_V\VI_VI-10_Chu thich anh mang hoc sau summary (Nguyen Van Thinh).pdf,VI_VI-10_Chu thich anh mang hoc sau summary (Nguyen Van Thinh).pdf,PENDING,0.58,27,42319,1567.4,1,0.04,0,0,0.0,0,0.0,0,1,0.037,92,3.41,3,0.11,10.7,EASY,Sonnet 5,High,4,EASY_BATCH
04_Luan_Van_V\VI_VI-11_Mang no-ron nhan dang (Nguyen Thi Thanh Nga).pdf,VI_VI-11_Mang no-ron nhan dang (Nguyen Thi Thanh Nga).pdf,PENDING,2.94,144,230196,1598.6,27,0.19,4,0,0.0,1,0.007,0,7,0.049,1044,7.25,35,0.24,37.93,MEDIUM,Sonnet 5,High,1,MEDIUM_BATCH
04_Luan_Van_V\VI_VI-12_PID no-ron dieu khien tau thuy.pdf,VI_VI-12_PID no-ron dieu khien tau thuy.pdf,PENDING,3.4,138,155316,1125.5,157,1.14,28,2,0.014,6,0.043,0,11,0.08,1011,7.33,14,0.1,42.06,MEDIUM,Sonnet 5,High,1,MEDIUM_BATCH
04_Luan_Van_V\VI_VI-13_AI Cuckoo_Crow Search toi uu (Nguyen Trung Thang).pdf,VI_VI-13_AI Cuckoo_Crow Search toi uu (Nguyen Trung Thang).pdf,PENDING,6.01,208,421676,2027.3,9,0.04,1,1,0.005,3,0.014,1,31,0.149,559,2.69,1,0.0,35.71,MEDIUM,Sonnet 5,High,1,MEDIUM_BATCH
04_Luan_Van_V\VI_VI-N01_Ung dung hoc tang cuong trong phan tich cam xuc theo chu de.pdf,VI_VI-N01_Ung dung hoc tang cuong trong phan tich cam xuc theo chu de.pdf,PENDING,2.2,77,115704,1502.6,14,0.18,2,1,0.013,2,0.026,0,1,0.013,523,6.79,23,0.3,26.32,EASY,Sonnet 5,High,2,EASY_BATCH
04_Luan_Van_V\VI_VI-N02_Nghien cuu phat trien ung dung ho tro hoc ngoai ngu dua tren mo hinh ngon ngu lon.pdf,VI_VI-N02_Nghien cuu phat trien ung dung ho tro hoc ngoai ngu dua tren mo hinh ngon ngu lon.pdf,PENDING,5.01,94,122067,1298.6,32,0.34,7,0,0.0,0,0.0,0,5,0.053,109,1.16,0,0.0,22.55,EASY,Sonnet 5,High,2,EASY_BATCH
04_Luan_Van_V\VI_VI-N03_Nghien cuu ung dung mo hinh tao sinh anh ho tro tao man choi casual puzzle game.pdf,VI_VI-N03_Nghien cuu ung dung mo hinh tao sinh anh ho tro tao man choi casual puzzle game.pdf,PENDING,3.71,83,121010,1458.0,34,0.41,6,2,0.024,4,0.048,0,7,0.084,5,0.06,1,0.01,19.44,EASY,Sonnet 5,High,2,EASY_BATCH
